name,type,value,date
扎双马尾的丧尸,娱乐-视频催眠,614886,10月22日 00时11分
驯狗者DC,游戏-DOTA2,573410,10月22日 00时11分
痒局长,游戏-绝地求生,377625,10月22日 00时11分
神奇陆夫人,游戏-其他游戏,267678,10月22日 00时11分
奶粉の日常,游戏-炉石传说,256821,10月22日 00时11分
绝不早到小吱吱,娱乐-视频催眠,237407,10月22日 00时11分
吃不饱的小黄瓜,娱乐-视频催眠,219347,10月22日 00时11分
*雪音*,娱乐-视频催眠,189452,10月22日 00时11分
萝莉一凡,娱乐-催眠电台,178794,10月22日 00时11分
喵熊°,娱乐-视频催眠,158442,10月22日 00时11分
小野妹子w,娱乐-视频聊天,121686,10月22日 00时11分
黑哲君,游戏-英雄联盟,117783,10月22日 00时11分
青衣才不是御姐呢,娱乐-聊天电台,117270,10月22日 00时11分
依然小智,游戏-其他游戏,106091,10月22日 00时11分
MTkoala,娱乐-视频催眠,95325,10月22日 00时11分
星野饼美,手游-影之诗,80763,10月22日 00时11分
老骚豆腐,游戏-英雄联盟,74690,10月22日 00时11分
PASSさん,娱乐-视频催眠,74690,10月22日 00时11分
守护茶茶,游戏-英雄联盟,72040,10月22日 00时11分
你的苏暖,游戏-绝地求生,71387,10月22日 00时11分
是幼情呀,娱乐-催眠电台,69726,10月22日 00时11分
睡不醒的某某阳,游戏-绝地求生,66641,10月22日 00时11分
丸子,手游-方舟指令,56304,10月22日 00时11分
春去丶残秋,手游-第五人格,55221,10月22日 00时11分
小喵西さま,娱乐-催眠电台,53407,10月22日 00时11分
棉花大哥哥,手游-王者荣耀,53253,10月22日 00时11分
小番薯tudou,娱乐-催眠电台,53248,10月22日 00时11分
小绝,游戏-绝地求生,52535,10月22日 00时11分
草莓味の小圆,娱乐-催眠电台,51930,10月22日 00时11分
小熊茉莉,娱乐-视频催眠,50439,10月22日 00时11分
扎双马尾的丧尸,娱乐-视频催眠,614886,10月22日 00时12分
驯狗者DC,游戏-DOTA2,573410,10月22日 00时12分
痒局长,游戏-绝地求生,377625,10月22日 00时12分
神奇陆夫人,游戏-其他游戏,267678,10月22日 00时12分
奶粉の日常,游戏-炉石传说,256821,10月22日 00时12分
绝不早到小吱吱,娱乐-视频催眠,237407,10月22日 00时12分
吃不饱的小黄瓜,娱乐-视频催眠,219347,10月22日 00时12分
*雪音*,娱乐-视频催眠,189452,10月22日 00时12分
萝莉一凡,娱乐-催眠电台,178794,10月22日 00时12分
喵熊°,娱乐-视频催眠,158442,10月22日 00时12分
小野妹子w,娱乐-视频聊天,121686,10月22日 00时12分
黑哲君,游戏-英雄联盟,117783,10月22日 00时12分
青衣才不是御姐呢,娱乐-聊天电台,117270,10月22日 00时12分
依然小智,游戏-其他游戏,106091,10月22日 00时12分
MTkoala,娱乐-视频催眠,95325,10月22日 00时12分
星野饼美,手游-影之诗,80763,10月22日 00时12分
PASSさん,娱乐-视频催眠,74690,10月22日 00时12分
老骚豆腐,游戏-英雄联盟,74690,10月22日 00时12分
守护茶茶,游戏-英雄联盟,72040,10月22日 00时12分
你的苏暖,游戏-绝地求生,71387,10月22日 00时12分
睡不醒的某某阳,游戏-绝地求生,66641,10月22日 00时12分
丸子,手游-方舟指令,56304,10月22日 00时12分
春去丶残秋,手游-第五人格,55221,10月22日 00时12分
小喵西さま,娱乐-催眠电台,53407,10月22日 00时12分
棉花大哥哥,手游-王者荣耀,53253,10月22日 00时12分
小番薯tudou,娱乐-催眠电台,53248,10月22日 00时12分
小绝,游戏-绝地求生,52535,10月22日 00时12分
草莓味の小圆,娱乐-催眠电台,51930,10月22日 00时12分
小熊茉莉,娱乐-视频催眠,50439,10月22日 00时12分
与山0v0,游戏-绝地求生,49561,10月22日 00时12分
扎双马尾的丧尸,娱乐-视频催眠,635935,10月22日 00时13分
驯狗者DC,游戏-DOTA2,562905,10月22日 00时13分
痒局长,游戏-绝地求生,382808,10月22日 00时13分
神奇陆夫人,游戏-其他游戏,264925,10月22日 00时13分
奶粉の日常,游戏-炉石传说,255741,10月22日 00时13分
绝不早到小吱吱,娱乐-视频催眠,252862,10月22日 00时13分
吃不饱的小黄瓜,娱乐-视频催眠,221292,10月22日 00时13分
*雪音*,娱乐-视频催眠,194178,10月22日 00时13分
萝莉一凡,娱乐-催眠电台,187862,10月22日 00时13分
喵熊°,娱乐-视频催眠,163382,10月22日 00时13分
黑哲君,游戏-英雄联盟,127199,10月22日 00时13分
青衣才不是御姐呢,娱乐-聊天电台,110368,10月22日 00时13分
小野妹子w,娱乐-视频聊天,109047,10月22日 00时13分
依然小智,游戏-其他游戏,105554,10月22日 00时13分
MTkoala,娱乐-视频催眠,97802,10月22日 00时13分
星野饼美,手游-影之诗,81203,10月22日 00时13分
PASSさん,娱乐-视频催眠,76598,10月22日 00时13分
守护茶茶,游戏-英雄联盟,73299,10月22日 00时13分
你的苏暖,游戏-绝地求生,71558,10月22日 00时13分
睡不醒的某某阳,游戏-绝地求生,70797,10月22日 00时13分
老骚豆腐,游戏-英雄联盟,68690,10月22日 00时13分
小喵西さま,娱乐-催眠电台,58055,10月22日 00时13分
小番薯tudou,娱乐-催眠电台,57946,10月22日 00时13分
草莓味の小圆,娱乐-催眠电台,54589,10月22日 00时13分
春去丶残秋,手游-第五人格,53474,10月22日 00时13分
小绝,游戏-绝地求生,51994,10月22日 00时13分
棉花大哥哥,手游-王者荣耀,51567,10月22日 00时13分
在剧毒中心呼唤爱,游戏-英雄联盟,49730,10月22日 00时13分
小熊茉莉,娱乐-视频催眠,49295,10月22日 00时13分
MINO_LIN,娱乐-催眠电台,48983,10月22日 00时13分
扎双马尾的丧尸,娱乐-视频催眠,635935,10月22日 00时14分
驯狗者DC,游戏-DOTA2,562905,10月22日 00时14分
痒局长,游戏-绝地求生,382808,10月22日 00时14分
神奇陆夫人,游戏-其他游戏,264925,10月22日 00时14分
奶粉の日常,游戏-炉石传说,255741,10月22日 00时14分
绝不早到小吱吱,娱乐-视频催眠,252862,10月22日 00时14分
吃不饱的小黄瓜,娱乐-视频催眠,221292,10月22日 00时14分
*雪音*,娱乐-视频催眠,194178,10月22日 00时14分
萝莉一凡,娱乐-催眠电台,187862,10月22日 00时14分
喵熊°,娱乐-视频催眠,163382,10月22日 00时14分
黑哲君,游戏-英雄联盟,127199,10月22日 00时14分
青衣才不是御姐呢,娱乐-聊天电台,110368,10月22日 00时14分
小野妹子w,娱乐-视频聊天,109047,10月22日 00时14分
依然小智,游戏-其他游戏,105554,10月22日 00时14分
MTkoala,娱乐-视频催眠,97802,10月22日 00时14分
星野饼美,手游-影之诗,81203,10月22日 00时14分
PASSさん,娱乐-视频催眠,76598,10月22日 00时14分
守护茶茶,游戏-英雄联盟,73299,10月22日 00时14分
你的苏暖,游戏-绝地求生,71558,10月22日 00时14分
睡不醒的某某阳,游戏-绝地求生,70797,10月22日 00时14分
老骚豆腐,游戏-英雄联盟,68690,10月22日 00时14分
小喵西さま,娱乐-催眠电台,58055,10月22日 00时14分
小番薯tudou,娱乐-催眠电台,57946,10月22日 00时14分
草莓味の小圆,娱乐-催眠电台,54589,10月22日 00时14分
春去丶残秋,手游-第五人格,53474,10月22日 00时14分
小绝,游戏-绝地求生,51994,10月22日 00时14分
棉花大哥哥,手游-王者荣耀,51567,10月22日 00时14分
在剧毒中心呼唤爱,游戏-英雄联盟,49730,10月22日 00时14分
小熊茉莉,娱乐-视频催眠,49295,10月22日 00时14分
MINO_LIN,娱乐-催眠电台,48983,10月22日 00时14分
扎双马尾的丧尸,娱乐-视频催眠,635935,10月22日 00时15分
驯狗者DC,游戏-DOTA2,562905,10月22日 00时15分
痒局长,游戏-绝地求生,382808,10月22日 00时15分
神奇陆夫人,游戏-其他游戏,264925,10月22日 00时15分
奶粉の日常,游戏-炉石传说,255741,10月22日 00时15分
绝不早到小吱吱,娱乐-视频催眠,252862,10月22日 00时15分
吃不饱的小黄瓜,娱乐-视频催眠,221292,10月22日 00时15分
*雪音*,娱乐-视频催眠,194178,10月22日 00时15分
萝莉一凡,娱乐-催眠电台,187862,10月22日 00时15分
喵熊°,娱乐-视频催眠,163382,10月22日 00时15分
黑哲君,游戏-英雄联盟,127199,10月22日 00时15分
青衣才不是御姐呢,娱乐-聊天电台,110368,10月22日 00时15分
小野妹子w,娱乐-视频聊天,109047,10月22日 00时15分
依然小智,游戏-其他游戏,105554,10月22日 00时15分
MTkoala,娱乐-视频催眠,97802,10月22日 00时15分
星野饼美,手游-影之诗,81203,10月22日 00时15分
PASSさん,娱乐-视频催眠,76598,10月22日 00时15分
守护茶茶,游戏-英雄联盟,73299,10月22日 00时15分
你的苏暖,游戏-绝地求生,71558,10月22日 00时15分
睡不醒的某某阳,游戏-绝地求生,70797,10月22日 00时15分
老骚豆腐,游戏-英雄联盟,68690,10月22日 00时15分
小喵西さま,娱乐-催眠电台,58055,10月22日 00时15分
小番薯tudou,娱乐-催眠电台,57946,10月22日 00时15分
草莓味の小圆,娱乐-催眠电台,54589,10月22日 00时15分
小绝,游戏-绝地求生,51994,10月22日 00时15分
棉花大哥哥,手游-王者荣耀,51567,10月22日 00时15分
在剧毒中心呼唤爱,游戏-英雄联盟,49730,10月22日 00时15分
小熊茉莉,娱乐-视频催眠,49295,10月22日 00时15分
MINO_LIN,娱乐-催眠电台,48983,10月22日 00时15分
与山0v0,游戏-绝地求生,47559,10月22日 00时15分
扎双马尾的丧尸,娱乐-视频催眠,657345,10月22日 00时16分
驯狗者DC,游戏-DOTA2,554864,10月22日 00时16分
痒局长,游戏-绝地求生,389030,10月22日 00时16分
神奇陆夫人,游戏-其他游戏,265451,10月22日 00时16分
绝不早到小吱吱,娱乐-视频催眠,263069,10月22日 00时16分
奶粉の日常,游戏-炉石传说,258016,10月22日 00时16分
吃不饱的小黄瓜,娱乐-视频催眠,222136,10月22日 00时16分
*雪音*,娱乐-视频催眠,197337,10月22日 00时16分
萝莉一凡,娱乐-催眠电台,195245,10月22日 00时16分
喵熊°,娱乐-视频催眠,166422,10月22日 00时16分
黑哲君,游戏-英雄联盟,124974,10月22日 00时16分
青衣才不是御姐呢,娱乐-聊天电台,104755,10月22日 00时16分
依然小智,游戏-其他游戏,104327,10月22日 00时16分
MTkoala,娱乐-视频催眠,100561,10月22日 00时16分
小野妹子w,娱乐-视频聊天,86060,10月22日 00时16分
星野饼美,手游-影之诗,83470,10月22日 00时16分
PASSさん,娱乐-视频催眠,83257,10月22日 00时16分
睡不醒的某某阳,游戏-绝地求生,76363,10月22日 00时16分
守护茶茶,游戏-英雄联盟,72718,10月22日 00时16分
你的苏暖,游戏-绝地求生,71922,10月22日 00时16分
老骚豆腐,游戏-英雄联盟,65065,10月22日 00时16分
小番薯tudou,娱乐-催眠电台,61785,10月22日 00时16分
小喵西さま,娱乐-催眠电台,59902,10月22日 00时16分
草莓味の小圆,娱乐-催眠电台,57460,10月22日 00时16分
在剧毒中心呼唤爱,游戏-英雄联盟,51644,10月22日 00时16分
MINO_LIN,娱乐-催眠电台,51309,10月22日 00时16分
小绝,游戏-绝地求生,50924,10月22日 00时16分
小熊茉莉,娱乐-视频催眠,49501,10月22日 00时16分
棉花大哥哥,手游-王者荣耀,48878,10月22日 00时16分
与山0v0,游戏-绝地求生,46061,10月22日 00时16分
扎双马尾的丧尸,娱乐-视频催眠,657345,10月22日 00时17分
驯狗者DC,游戏-DOTA2,554864,10月22日 00时17分
痒局长,游戏-绝地求生,389030,10月22日 00时17分
神奇陆夫人,游戏-其他游戏,265451,10月22日 00时17分
绝不早到小吱吱,娱乐-视频催眠,263069,10月22日 00时17分
奶粉の日常,游戏-炉石传说,258016,10月22日 00时17分
吃不饱的小黄瓜,娱乐-视频催眠,222136,10月22日 00时17分
*雪音*,娱乐-视频催眠,197337,10月22日 00时17分
萝莉一凡,娱乐-催眠电台,195245,10月22日 00时17分
喵熊°,娱乐-视频催眠,166422,10月22日 00时17分
黑哲君,游戏-英雄联盟,124974,10月22日 00时17分
青衣才不是御姐呢,娱乐-聊天电台,104755,10月22日 00时17分
依然小智,游戏-其他游戏,104327,10月22日 00时17分
MTkoala,娱乐-视频催眠,100561,10月22日 00时17分
小野妹子w,娱乐-视频聊天,86060,10月22日 00时17分
星野饼美,手游-影之诗,83470,10月22日 00时17分
PASSさん,娱乐-视频催眠,83257,10月22日 00时17分
睡不醒的某某阳,游戏-绝地求生,76363,10月22日 00时17分
守护茶茶,游戏-英雄联盟,72718,10月22日 00时17分
你的苏暖,游戏-绝地求生,71922,10月22日 00时17分
老骚豆腐,游戏-英雄联盟,65065,10月22日 00时17分
小番薯tudou,娱乐-催眠电台,61785,10月22日 00时17分
小喵西さま,娱乐-催眠电台,59902,10月22日 00时17分
草莓味の小圆,娱乐-催眠电台,57460,10月22日 00时17分
在剧毒中心呼唤爱,游戏-英雄联盟,51644,10月22日 00时17分
MINO_LIN,娱乐-催眠电台,51309,10月22日 00时17分
小绝,游戏-绝地求生,50924,10月22日 00时17分
小熊茉莉,娱乐-视频催眠,49501,10月22日 00时17分
棉花大哥哥,游戏-英雄联盟,48878,10月22日 00时17分
与山0v0,游戏-绝地求生,46061,10月22日 00时17分
扎双马尾的丧尸,娱乐-视频催眠,657345,10月22日 00时18分
驯狗者DC,游戏-DOTA2,554864,10月22日 00时18分
痒局长,游戏-绝地求生,389030,10月22日 00时18分
神奇陆夫人,游戏-其他游戏,265451,10月22日 00时18分
绝不早到小吱吱,娱乐-视频催眠,263069,10月22日 00时18分
奶粉の日常,游戏-炉石传说,258016,10月22日 00时18分
吃不饱的小黄瓜,娱乐-视频催眠,222136,10月22日 00时18分
*雪音*,娱乐-视频催眠,197337,10月22日 00时18分
萝莉一凡,娱乐-催眠电台,195245,10月22日 00时18分
喵熊°,娱乐-视频催眠,166422,10月22日 00时18分
黑哲君,游戏-英雄联盟,124974,10月22日 00时18分
青衣才不是御姐呢,娱乐-聊天电台,104755,10月22日 00时18分
依然小智,游戏-其他游戏,104327,10月22日 00时18分
MTkoala,娱乐-视频催眠,100561,10月22日 00时18分
小野妹子w,娱乐-视频聊天,86060,10月22日 00时18分
星野饼美,手游-影之诗,83470,10月22日 00时18分
PASSさん,娱乐-视频催眠,83257,10月22日 00时18分
睡不醒的某某阳,游戏-绝地求生,76363,10月22日 00时18分
守护茶茶,游戏-英雄联盟,72718,10月22日 00时18分
你的苏暖,游戏-绝地求生,71922,10月22日 00时18分
老骚豆腐,游戏-英雄联盟,65065,10月22日 00时18分
小番薯tudou,娱乐-催眠电台,61785,10月22日 00时18分
小喵西さま,娱乐-催眠电台,59902,10月22日 00时18分
草莓味の小圆,娱乐-催眠电台,57460,10月22日 00时18分
在剧毒中心呼唤爱,游戏-英雄联盟,51644,10月22日 00时18分
MINO_LIN,娱乐-催眠电台,51309,10月22日 00时18分
小绝,游戏-绝地求生,50924,10月22日 00时18分
小熊茉莉,娱乐-视频催眠,49501,10月22日 00时18分
棉花大哥哥,游戏-英雄联盟,48878,10月22日 00时18分
与山0v0,游戏-绝地求生,46061,10月22日 00时18分
扎双马尾的丧尸,娱乐-视频催眠,677825,10月22日 00时19分
驯狗者DC,游戏-DOTA2,560692,10月22日 00时19分
痒局长,游戏-绝地求生,381512,10月22日 00时19分
绝不早到小吱吱,娱乐-视频催眠,278528,10月22日 00时19分
神奇陆夫人,游戏-其他游戏,267675,10月22日 00时19分
奶粉の日常,游戏-炉石传说,253741,10月22日 00时19分
吃不饱的小黄瓜,娱乐-视频催眠,223213,10月22日 00时19分
萝莉一凡,娱乐-催眠电台,204877,10月22日 00时19分
*雪音*,娱乐-视频催眠,202092,10月22日 00时19分
喵熊°,娱乐-视频催眠,170251,10月22日 00时19分
黑哲君,游戏-英雄联盟,120890,10月22日 00时19分
依然小智,游戏-其他游戏,104556,10月22日 00时19分
MTkoala,娱乐-视频催眠,103841,10月22日 00时19分
青衣才不是御姐呢,娱乐-聊天电台,101584,10月22日 00时19分
星野饼美,手游-影之诗,88724,10月22日 00时19分
PASSさん,娱乐-视频催眠,84405,10月22日 00时19分
睡不醒的某某阳,游戏-绝地求生,78932,10月22日 00时19分
你的苏暖,游戏-绝地求生,72424,10月22日 00时19分
守护茶茶,游戏-英雄联盟,71035,10月22日 00时19分
小野妹子w,娱乐-视频聊天,70837,10月22日 00时19分
小番薯tudou,娱乐-催眠电台,66038,10月22日 00时19分
老骚豆腐,游戏-英雄联盟,61911,10月22日 00时19分
小喵西さま,娱乐-催眠电台,60689,10月22日 00时19分
草莓味の小圆,娱乐-催眠电台,59593,10月22日 00时19分
在剧毒中心呼唤爱,游戏-英雄联盟,52373,10月22日 00时19分
MINO_LIN,娱乐-催眠电台,51692,10月22日 00时19分
小绝,游戏-绝地求生,49985,10月22日 00时19分
小熊茉莉,娱乐-视频催眠,49042,10月22日 00时19分
yoyo鼠です,娱乐-视频催眠,46701,10月22日 00时19分
棉花大哥哥,游戏-英雄联盟,46692,10月22日 00时19分
扎双马尾的丧尸,娱乐-视频催眠,677825,10月22日 00时20分
驯狗者DC,游戏-DOTA2,560692,10月22日 00时20分
痒局长,游戏-绝地求生,381512,10月22日 00时20分
绝不早到小吱吱,娱乐-视频催眠,278528,10月22日 00时20分
神奇陆夫人,游戏-其他游戏,267675,10月22日 00时20分
奶粉の日常,游戏-炉石传说,253741,10月22日 00时20分
吃不饱的小黄瓜,娱乐-视频催眠,223213,10月22日 00时20分
萝莉一凡,娱乐-催眠电台,204877,10月22日 00时20分
*雪音*,娱乐-视频催眠,202092,10月22日 00时20分
喵熊°,娱乐-视频催眠,170251,10月22日 00时20分
黑哲君,游戏-英雄联盟,120890,10月22日 00时20分
依然小智,游戏-其他游戏,104556,10月22日 00时20分
MTkoala,娱乐-视频催眠,103841,10月22日 00时20分
青衣才不是御姐呢,娱乐-聊天电台,101584,10月22日 00时20分
星野饼美,手游-影之诗,88724,10月22日 00时20分
PASSさん,娱乐-视频催眠,84405,10月22日 00时20分
睡不醒的某某阳,游戏-绝地求生,78932,10月22日 00时20分
你的苏暖,游戏-绝地求生,72424,10月22日 00时20分
守护茶茶,游戏-英雄联盟,71035,10月22日 00时20分
小野妹子w,娱乐-视频聊天,70837,10月22日 00时20分
小番薯tudou,娱乐-催眠电台,66038,10月22日 00时20分
小喵西さま,娱乐-催眠电台,60689,10月22日 00时20分
草莓味の小圆,娱乐-催眠电台,59593,10月22日 00时20分
在剧毒中心呼唤爱,游戏-英雄联盟,52373,10月22日 00时20分
MINO_LIN,娱乐-催眠电台,51692,10月22日 00时20分
小绝,游戏-绝地求生,49985,10月22日 00时20分
小熊茉莉,娱乐-视频催眠,49042,10月22日 00时20分
yoyo鼠です,娱乐-视频催眠,46701,10月22日 00时20分
棉花大哥哥,游戏-英雄联盟,46692,10月22日 00时20分
与山0v0,游戏-绝地求生,45528,10月22日 00时20分
扎双马尾的丧尸,娱乐-视频催眠,677825,10月22日 00时21分
驯狗者DC,游戏-DOTA2,560692,10月22日 00时21分
痒局长,游戏-绝地求生,381512,10月22日 00时21分
绝不早到小吱吱,娱乐-视频催眠,278528,10月22日 00时21分
神奇陆夫人,游戏-其他游戏,267675,10月22日 00时21分
奶粉の日常,游戏-炉石传说,253741,10月22日 00时21分
吃不饱的小黄瓜,娱乐-视频催眠,223213,10月22日 00时21分
萝莉一凡,娱乐-催眠电台,204877,10月22日 00时21分
*雪音*,娱乐-视频催眠,202092,10月22日 00时21分
喵熊°,娱乐-视频催眠,170251,10月22日 00时21分
黑哲君,游戏-英雄联盟,120890,10月22日 00时21分
依然小智,游戏-其他游戏,104556,10月22日 00时21分
MTkoala,娱乐-视频催眠,103841,10月22日 00时21分
青衣才不是御姐呢,娱乐-聊天电台,101584,10月22日 00时21分
星野饼美,手游-影之诗,88724,10月22日 00时21分
PASSさん,娱乐-视频催眠,84405,10月22日 00时21分
睡不醒的某某阳,游戏-绝地求生,78932,10月22日 00时21分
你的苏暖,游戏-绝地求生,72424,10月22日 00时21分
守护茶茶,游戏-英雄联盟,71035,10月22日 00时21分
小野妹子w,娱乐-视频聊天,70837,10月22日 00时21分
小番薯tudou,娱乐-催眠电台,66038,10月22日 00时21分
小喵西さま,娱乐-催眠电台,60689,10月22日 00时21分
草莓味の小圆,娱乐-催眠电台,59593,10月22日 00时21分
在剧毒中心呼唤爱,游戏-英雄联盟,52373,10月22日 00时21分
MINO_LIN,娱乐-催眠电台,51692,10月22日 00时21分
小绝,游戏-绝地求生,49985,10月22日 00时21分
小熊茉莉,娱乐-视频催眠,49042,10月22日 00时21分
yoyo鼠です,娱乐-视频催眠,46701,10月22日 00时21分
棉花大哥哥,游戏-英雄联盟,46692,10月22日 00时21分
与山0v0,游戏-绝地求生,45528,10月22日 00时21分
扎双马尾的丧尸,娱乐-视频催眠,701073,10月22日 00时22分
驯狗者DC,游戏-DOTA2,564147,10月22日 00时22分
痒局长,游戏-绝地求生,353647,10月22日 00时22分
绝不早到小吱吱,娱乐-视频催眠,286985,10月22日 00时22分
神奇陆夫人,游戏-其他游戏,270694,10月22日 00时22分
奶粉の日常,游戏-炉石传说,246222,10月22日 00时22分
吃不饱的小黄瓜,娱乐-视频催眠,225093,10月22日 00时22分
萝莉一凡,娱乐-催眠电台,213220,10月22日 00时22分
*雪音*,娱乐-视频催眠,206919,10月22日 00时22分
喵熊°,娱乐-视频催眠,174908,10月22日 00时22分
黑哲君,游戏-英雄联盟,121392,10月22日 00时22分
MTkoala,娱乐-视频催眠,105631,10月22日 00时22分
依然小智,游戏-其他游戏,104139,10月22日 00时22分
青衣才不是御姐呢,娱乐-聊天电台,97225,10月22日 00时22分
星野饼美,手游-影之诗,90670,10月22日 00时22分
PASSさん,娱乐-视频催眠,85279,10月22日 00时22分
睡不醒的某某阳,游戏-绝地求生,74729,10月22日 00时22分
你的苏暖,游戏-绝地求生,72809,10月22日 00时22分
守护茶茶,游戏-英雄联盟,70324,10月22日 00时22分
小番薯tudou,娱乐-催眠电台,69885,10月22日 00时22分
小喵西さま,娱乐-催眠电台,63462,10月22日 00时22分
草莓味の小圆,娱乐-催眠电台,62702,10月22日 00时22分
小野妹子w,娱乐-视频聊天,61453,10月22日 00时22分
在剧毒中心呼唤爱,游戏-英雄联盟,59578,10月22日 00时22分
MINO_LIN,娱乐-催眠电台,56983,10月22日 00时22分
小绝,游戏-绝地求生,51284,10月22日 00时22分
小熊茉莉,娱乐-视频催眠,49025,10月22日 00时22分
yoyo鼠です,娱乐-视频催眠,48950,10月22日 00时22分
与山0v0,游戏-绝地求生,46951,10月22日 00时22分
dear诱耳,娱乐-催眠电台,43358,10月22日 00时22分
扎双马尾的丧尸,娱乐-视频催眠,701073,10月22日 00时23分
驯狗者DC,游戏-DOTA2,564147,10月22日 00时23分
痒局长,游戏-绝地求生,353647,10月22日 00时23分
绝不早到小吱吱,娱乐-视频催眠,286985,10月22日 00时23分
神奇陆夫人,游戏-其他游戏,270694,10月22日 00时23分
奶粉の日常,游戏-炉石传说,246222,10月22日 00时23分
吃不饱的小黄瓜,娱乐-视频催眠,225093,10月22日 00时23分
萝莉一凡,娱乐-催眠电台,213220,10月22日 00时23分
*雪音*,娱乐-视频催眠,206919,10月22日 00时23分
喵熊°,娱乐-视频催眠,174908,10月22日 00时23分
黑哲君,游戏-英雄联盟,121392,10月22日 00时23分
MTkoala,娱乐-视频催眠,105631,10月22日 00时23分
依然小智,游戏-其他游戏,104139,10月22日 00时23分
青衣才不是御姐呢,娱乐-聊天电台,97225,10月22日 00时23分
星野饼美,手游-影之诗,90670,10月22日 00时23分
PASSさん,娱乐-视频催眠,85279,10月22日 00时23分
睡不醒的某某阳,游戏-绝地求生,74729,10月22日 00时23分
你的苏暖,游戏-绝地求生,72809,10月22日 00时23分
守护茶茶,游戏-英雄联盟,70324,10月22日 00时23分
小番薯tudou,娱乐-催眠电台,69885,10月22日 00时23分
小喵西さま,娱乐-催眠电台,63462,10月22日 00时23分
草莓味の小圆,娱乐-催眠电台,62702,10月22日 00时23分
小野妹子w,娱乐-视频聊天,61453,10月22日 00时23分
在剧毒中心呼唤爱,游戏-英雄联盟,59578,10月22日 00时23分
MINO_LIN,娱乐-催眠电台,56983,10月22日 00时23分
小绝,游戏-绝地求生,51284,10月22日 00时23分
小熊茉莉,娱乐-视频催眠,49025,10月22日 00时23分
yoyo鼠です,娱乐-视频催眠,48950,10月22日 00时23分
与山0v0,游戏-绝地求生,46951,10月22日 00时23分
dear诱耳,娱乐-催眠电台,43358,10月22日 00时23分
扎双马尾的丧尸,娱乐-视频催眠,701073,10月22日 00时24分
驯狗者DC,游戏-DOTA2,564147,10月22日 00时24分
痒局长,游戏-绝地求生,320909,10月22日 00时24分
绝不早到小吱吱,娱乐-视频催眠,286985,10月22日 00时24分
神奇陆夫人,游戏-其他游戏,269079,10月22日 00时24分
奶粉の日常,游戏-炉石传说,239146,10月22日 00时24分
吃不饱的小黄瓜,娱乐-视频催眠,225093,10月22日 00时24分
萝莉一凡,娱乐-催眠电台,221231,10月22日 00时24分
*雪音*,娱乐-视频催眠,211111,10月22日 00时24分
喵熊°,娱乐-视频催眠,179216,10月22日 00时24分
黑哲君,游戏-英雄联盟,121392,10月22日 00时24分
MTkoala,娱乐-视频催眠,105631,10月22日 00时24分
依然小智,游戏-其他游戏,101812,10月22日 00时24分
青衣才不是御姐呢,娱乐-聊天电台,91813,10月22日 00时24分
星野饼美,手游-影之诗,90670,10月22日 00时24分
PASSさん,娱乐-视频催眠,85279,10月22日 00时24分
睡不醒的某某阳,游戏-绝地求生,70403,10月22日 00时24分
你的苏暖,游戏-绝地求生,74093,10月22日 00时24分
守护茶茶,游戏-英雄联盟,70135,10月22日 00时24分
小番薯tudou,娱乐-催眠电台,69885,10月22日 00时24分
小喵西さま,娱乐-催眠电台,66410,10月22日 00时24分
草莓味の小圆,娱乐-催眠电台,62702,10月22日 00时24分
小野妹子w,娱乐-视频聊天,54254,10月22日 00时24分
在剧毒中心呼唤爱,游戏-英雄联盟,59578,10月22日 00时24分
MINO_LIN,娱乐-催眠电台,56983,10月22日 00时24分
小绝,游戏-绝地求生,53643,10月22日 00时24分
小熊茉莉,娱乐-视频催眠,49025,10月22日 00时24分
yoyo鼠です,娱乐-视频催眠,52004,10月22日 00时24分
与山0v0,游戏-绝地求生,46205,10月22日 00时24分
dear诱耳,娱乐-催眠电台,43358,10月22日 00时24分
扎双马尾的丧尸,娱乐-视频催眠,720688,10月22日 00时25分
驯狗者DC,游戏-DOTA2,561680,10月22日 00时25分
痒局长,游戏-绝地求生,320909,10月22日 00时25分
绝不早到小吱吱,娱乐-视频催眠,294145,10月22日 00时25分
神奇陆夫人,游戏-其他游戏,269079,10月22日 00时25分
奶粉の日常,游戏-炉石传说,239146,10月22日 00时25分
吃不饱的小黄瓜,娱乐-视频催眠,228140,10月22日 00时25分
萝莉一凡,娱乐-催眠电台,221231,10月22日 00时25分
*雪音*,娱乐-视频催眠,211111,10月22日 00时25分
喵熊°,娱乐-视频催眠,179216,10月22日 00时25分
黑哲君,游戏-英雄联盟,120719,10月22日 00时25分
MTkoala,娱乐-视频催眠,108157,10月22日 00时25分
依然小智,游戏-其他游戏,101812,10月22日 00时25分
星野饼美,手游-影之诗,92858,10月22日 00时25分
青衣才不是御姐呢,娱乐-聊天电台,91813,10月22日 00时25分
PASSさん,娱乐-视频催眠,90503,10月22日 00时25分
小番薯tudou,娱乐-催眠电台,74759,10月22日 00时25分
你的苏暖,游戏-绝地求生,74093,10月22日 00时25分
睡不醒的某某阳,游戏-绝地求生,70403,10月22日 00时25分
守护茶茶,游戏-英雄联盟,70135,10月22日 00时25分
小喵西さま,娱乐-催眠电台,66410,10月22日 00时25分
草莓味の小圆,娱乐-催眠电台,65787,10月22日 00时25分
在剧毒中心呼唤爱,游戏-英雄联盟,60972,10月22日 00时25分
MINO_LIN,娱乐-催眠电台,56244,10月22日 00时25分
小野妹子w,娱乐-视频聊天,54254,10月22日 00时25分
小绝,游戏-绝地求生,53643,10月22日 00时25分
yoyo鼠です,娱乐-视频催眠,52004,10月22日 00时25分
小熊茉莉,娱乐-视频催眠,48677,10月22日 00时25分
与山0v0,游戏-绝地求生,46205,10月22日 00时25分
dear诱耳,娱乐-催眠电台,42871,10月22日 00时25分
扎双马尾的丧尸,娱乐-视频催眠,720688,10月22日 00时26分
驯狗者DC,游戏-DOTA2,561680,10月22日 00时26分
痒局长,游戏-绝地求生,320909,10月22日 00时26分
绝不早到小吱吱,娱乐-视频催眠,294145,10月22日 00时26分
神奇陆夫人,游戏-其他游戏,269079,10月22日 00时26分
奶粉の日常,游戏-炉石传说,239146,10月22日 00时26分
吃不饱的小黄瓜,娱乐-视频催眠,228140,10月22日 00时26分
萝莉一凡,娱乐-催眠电台,221231,10月22日 00时26分
*雪音*,娱乐-视频催眠,211111,10月22日 00时26分
喵熊°,娱乐-视频催眠,179216,10月22日 00时26分
黑哲君,游戏-英雄联盟,120719,10月22日 00时26分
MTkoala,娱乐-视频催眠,108157,10月22日 00时26分
依然小智,游戏-其他游戏,101812,10月22日 00时26分
星野饼美,手游-影之诗,92858,10月22日 00时26分
青衣才不是御姐呢,娱乐-聊天电台,91813,10月22日 00时26分
PASSさん,娱乐-视频催眠,90503,10月22日 00时26分
小番薯tudou,娱乐-催眠电台,74759,10月22日 00时26分
你的苏暖,游戏-绝地求生,74093,10月22日 00时26分
睡不醒的某某阳,游戏-绝地求生,70403,10月22日 00时26分
守护茶茶,游戏-英雄联盟,70135,10月22日 00时26分
小喵西さま,娱乐-催眠电台,66410,10月22日 00时26分
草莓味の小圆,娱乐-催眠电台,65787,10月22日 00时26分
在剧毒中心呼唤爱,游戏-英雄联盟,60972,10月22日 00时26分
MINO_LIN,娱乐-催眠电台,56244,10月22日 00时26分
小野妹子w,娱乐-视频聊天,54254,10月22日 00时26分
小绝,游戏-绝地求生,53643,10月22日 00时26分
yoyo鼠です,娱乐-视频催眠,52004,10月22日 00时26分
小熊茉莉,娱乐-视频催眠,48677,10月22日 00时26分
与山0v0,游戏-绝地求生,46205,10月22日 00时26分
dear诱耳,娱乐-催眠电台,42871,10月22日 00时26分
扎双马尾的丧尸,娱乐-视频催眠,741491,10月22日 00时27分
驯狗者DC,游戏-DOTA2,554428,10月22日 00时27分
痒局长,游戏-绝地求生,298082,10月22日 00时27分
绝不早到小吱吱,娱乐-视频催眠,316722,10月22日 00时27分
神奇陆夫人,游戏-其他游戏,267174,10月22日 00时27分
吃不饱的小黄瓜,娱乐-视频催眠,232173,10月22日 00时27分
萝莉一凡,娱乐-催眠电台,228911,10月22日 00时27分
*雪音*,娱乐-视频催眠,214746,10月22日 00时27分
喵熊°,娱乐-视频催眠,182933,10月22日 00时27分
黑哲君,游戏-英雄联盟,120213,10月22日 00时27分
MTkoala,娱乐-视频催眠,111341,10月22日 00时27分
依然小智,游戏-其他游戏,100762,10月22日 00时27分
星野饼美,手游-影之诗,95501,10月22日 00时27分
青衣才不是御姐呢,娱乐-聊天电台,100251,10月22日 00时27分
PASSさん,娱乐-视频催眠,87879,10月22日 00时27分
小番薯tudou,娱乐-催眠电台,78658,10月22日 00时27分
你的苏暖,游戏-绝地求生,75533,10月22日 00时27分
睡不醒的某某阳,游戏-绝地求生,67767,10月22日 00时27分
守护茶茶,游戏-英雄联盟,69849,10月22日 00时27分
小喵西さま,娱乐-催眠电台,69035,10月22日 00时27分
草莓味の小圆,娱乐-催眠电台,68840,10月22日 00时27分
在剧毒中心呼唤爱,游戏-英雄联盟,59885,10月22日 00时27分
MINO_LIN,娱乐-催眠电台,56608,10月22日 00时27分
小野妹子w,娱乐-视频聊天,46066,10月22日 00时27分
小绝,游戏-绝地求生,56217,10月22日 00时27分
yoyo鼠です,娱乐-视频催眠,54549,10月22日 00时27分
小熊茉莉,娱乐-视频催眠,48611,10月22日 00时27分
与山0v0,游戏-绝地求生,44885,10月22日 00时27分
dear诱耳,娱乐-催眠电台,42412,10月22日 00时27分
棉花大哥哥,游戏-英雄联盟,31873,10月22日 00时27分
扎双马尾的丧尸,娱乐-视频催眠,741491,10月22日 00时28分
驯狗者DC,游戏-DOTA2,554428,10月22日 00时28分
绝不早到小吱吱,娱乐-视频催眠,316722,10月22日 00时28分
痒局长,游戏-绝地求生,298082,10月22日 00时28分
神奇陆夫人,游戏-其他游戏,267174,10月22日 00时28分
吃不饱的小黄瓜,娱乐-视频催眠,232173,10月22日 00时28分
萝莉一凡,娱乐-催眠电台,228911,10月22日 00时28分
*雪音*,娱乐-视频催眠,214746,10月22日 00时28分
喵熊°,娱乐-视频催眠,182933,10月22日 00时28分
黑哲君,游戏-英雄联盟,120213,10月22日 00时28分
MTkoala,娱乐-视频催眠,111341,10月22日 00时28分
依然小智,游戏-其他游戏,100762,10月22日 00时28分
青衣才不是御姐呢,娱乐-聊天电台,100251,10月22日 00时28分
星野饼美,手游-影之诗,95501,10月22日 00时28分
PASSさん,娱乐-视频催眠,87879,10月22日 00时28分
小番薯tudou,娱乐-催眠电台,78658,10月22日 00时28分
你的苏暖,游戏-绝地求生,75533,10月22日 00时28分
守护茶茶,游戏-英雄联盟,69849,10月22日 00时28分
小喵西さま,娱乐-催眠电台,69035,10月22日 00时28分
草莓味の小圆,娱乐-催眠电台,68840,10月22日 00时28分
睡不醒的某某阳,游戏-绝地求生,67767,10月22日 00时28分
在剧毒中心呼唤爱,游戏-英雄联盟,59885,10月22日 00时28分
MINO_LIN,娱乐-催眠电台,56608,10月22日 00时28分
小绝,游戏-绝地求生,56217,10月22日 00时28分
yoyo鼠です,娱乐-视频催眠,54549,10月22日 00时28分
小熊茉莉,娱乐-视频催眠,48611,10月22日 00时28分
小野妹子w,娱乐-视频聊天,46066,10月22日 00时28分
与山0v0,游戏-绝地求生,44885,10月22日 00时28分
dear诱耳,娱乐-催眠电台,42412,10月22日 00时28分
_落雪丶,手游-第五人格,33362,10月22日 00时28分
扎双马尾的丧尸,娱乐-视频催眠,741491,10月22日 00时29分
驯狗者DC,游戏-DOTA2,554428,10月22日 00时29分
绝不早到小吱吱,娱乐-视频催眠,316722,10月22日 00时29分
痒局长,游戏-绝地求生,298082,10月22日 00时29分
神奇陆夫人,游戏-其他游戏,267174,10月22日 00时29分
吃不饱的小黄瓜,娱乐-视频催眠,232173,10月22日 00时29分
萝莉一凡,娱乐-催眠电台,228911,10月22日 00时29分
*雪音*,娱乐-视频催眠,214746,10月22日 00时29分
喵熊°,娱乐-视频催眠,182933,10月22日 00时29分
黑哲君,游戏-英雄联盟,120213,10月22日 00时29分
MTkoala,娱乐-视频催眠,111341,10月22日 00时29分
依然小智,游戏-其他游戏,100762,10月22日 00时29分
青衣才不是御姐呢,娱乐-聊天电台,100251,10月22日 00时29分
星野饼美,手游-影之诗,95501,10月22日 00时29分
PASSさん,娱乐-视频催眠,87879,10月22日 00时29分
小番薯tudou,娱乐-催眠电台,78658,10月22日 00时29分
你的苏暖,游戏-绝地求生,75533,10月22日 00时29分
守护茶茶,游戏-英雄联盟,69849,10月22日 00时29分
小喵西さま,娱乐-催眠电台,69035,10月22日 00时29分
草莓味の小圆,娱乐-催眠电台,68840,10月22日 00时29分
睡不醒的某某阳,游戏-绝地求生,67767,10月22日 00时29分
在剧毒中心呼唤爱,游戏-英雄联盟,59885,10月22日 00时29分
MINO_LIN,娱乐-催眠电台,56608,10月22日 00时29分
小绝,游戏-绝地求生,56217,10月22日 00时29分
yoyo鼠です,娱乐-视频催眠,54549,10月22日 00时29分
小熊茉莉,娱乐-视频催眠,48611,10月22日 00时29分
小野妹子w,娱乐-视频聊天,46066,10月22日 00时29分
与山0v0,游戏-绝地求生,44885,10月22日 00时29分
dear诱耳,娱乐-催眠电台,42412,10月22日 00时29分
_落雪丶,手游-第五人格,33362,10月22日 00时29分
扎双马尾的丧尸,娱乐-视频催眠,762228,10月22日 00时30分
驯狗者DC,游戏-DOTA2,546128,10月22日 00时30分
绝不早到小吱吱,娱乐-视频催眠,316538,10月22日 00时30分
痒局长,游戏-绝地求生,285621,10月22日 00时30分
神奇陆夫人,游戏-其他游戏,266509,10月22日 00时30分
吃不饱的小黄瓜,娱乐-视频催眠,235586,10月22日 00时30分
萝莉一凡,娱乐-催眠电台,235846,10月22日 00时30分
*雪音*,娱乐-视频催眠,217987,10月22日 00时30分
喵熊°,娱乐-视频催眠,185955,10月22日 00时30分
黑哲君,游戏-英雄联盟,119923,10月22日 00时30分
MTkoala,娱乐-视频催眠,111370,10月22日 00时30分
依然小智,游戏-其他游戏,99849,10月22日 00时30分
青衣才不是御姐呢,娱乐-聊天电台,95685,10月22日 00时30分
星野饼美,手游-影之诗,96740,10月22日 00时30分
PASSさん,娱乐-视频催眠,87421,10月22日 00时30分
小番薯tudou,娱乐-催眠电台,82815,10月22日 00时30分
你的苏暖,游戏-绝地求生,75766,10月22日 00时30分
守护茶茶,游戏-英雄联盟,69650,10月22日 00时30分
小喵西さま,娱乐-催眠电台,70349,10月22日 00时30分
草莓味の小圆,娱乐-催眠电台,72474,10月22日 00时30分
睡不醒的某某阳,游戏-绝地求生,66466,10月22日 00时30分
在剧毒中心呼唤爱,游戏-英雄联盟,57987,10月22日 00时30分
MINO_LIN,娱乐-催眠电台,57088,10月22日 00时30分
小绝,游戏-绝地求生,58602,10月22日 00时30分
yoyo鼠です,娱乐-视频催眠,56106,10月22日 00时30分
小熊茉莉,娱乐-视频催眠,48950,10月22日 00时30分
小野妹子w,娱乐-视频聊天,47877,10月22日 00时30分
与山0v0,游戏-绝地求生,44146,10月22日 00时30分
dear诱耳,娱乐-催眠电台,42069,10月22日 00时30分
_落雪丶,手游-第五人格,37292,10月22日 00时30分
扎双马尾的丧尸,娱乐-视频催眠,762228,10月22日 00时31分
驯狗者DC,游戏-DOTA2,546128,10月22日 00时31分
绝不早到小吱吱,娱乐-视频催眠,316538,10月22日 00时31分
痒局长,游戏-绝地求生,285621,10月22日 00时31分
神奇陆夫人,游戏-其他游戏,266509,10月22日 00时31分
萝莉一凡,娱乐-催眠电台,235846,10月22日 00时31分
吃不饱的小黄瓜,娱乐-视频催眠,235586,10月22日 00时31分
*雪音*,娱乐-视频催眠,217987,10月22日 00时31分
喵熊°,娱乐-视频催眠,185955,10月22日 00时31分
黑哲君,游戏-英雄联盟,119923,10月22日 00时31分
MTkoala,娱乐-视频催眠,111370,10月22日 00时31分
依然小智,游戏-其他游戏,99849,10月22日 00时31分
星野饼美,手游-影之诗,96740,10月22日 00时31分
青衣才不是御姐呢,娱乐-聊天电台,95685,10月22日 00时31分
PASSさん,娱乐-视频催眠,87421,10月22日 00时31分
小番薯tudou,娱乐-催眠电台,82815,10月22日 00时31分
你的苏暖,游戏-绝地求生,75766,10月22日 00时31分
草莓味の小圆,娱乐-催眠电台,72474,10月22日 00时31分
小喵西さま,娱乐-催眠电台,70349,10月22日 00时31分
守护茶茶,游戏-英雄联盟,69650,10月22日 00时31分
睡不醒的某某阳,游戏-绝地求生,66466,10月22日 00时31分
小绝,游戏-绝地求生,58602,10月22日 00时31分
在剧毒中心呼唤爱,游戏-英雄联盟,57987,10月22日 00时31分
MINO_LIN,娱乐-催眠电台,57088,10月22日 00时31分
yoyo鼠です,娱乐-视频催眠,56106,10月22日 00时31分
小熊茉莉,娱乐-视频催眠,48950,10月22日 00时31分
小野妹子w,娱乐-视频聊天,47877,10月22日 00时31分
与山0v0,游戏-绝地求生,44146,10月22日 00时31分
dear诱耳,娱乐-催眠电台,42069,10月22日 00时31分
_落雪丶,手游-第五人格,37292,10月22日 00时31分
扎双马尾的丧尸,娱乐-视频催眠,762228,10月22日 00时32分
驯狗者DC,游戏-DOTA2,546128,10月22日 00时32分
绝不早到小吱吱,娱乐-视频催眠,316538,10月22日 00时32分
痒局长,游戏-绝地求生,285621,10月22日 00时32分
神奇陆夫人,游戏-其他游戏,266509,10月22日 00时32分
萝莉一凡,娱乐-催眠电台,235846,10月22日 00时32分
吃不饱的小黄瓜,娱乐-视频催眠,235586,10月22日 00时32分
*雪音*,娱乐-视频催眠,217987,10月22日 00时32分
喵熊°,娱乐-视频催眠,185955,10月22日 00时32分
黑哲君,游戏-英雄联盟,119923,10月22日 00时32分
MTkoala,娱乐-视频催眠,111370,10月22日 00时32分
依然小智,游戏-其他游戏,99849,10月22日 00时32分
星野饼美,手游-影之诗,96740,10月22日 00时32分
青衣才不是御姐呢,娱乐-聊天电台,95685,10月22日 00时32分
PASSさん,娱乐-视频催眠,87421,10月22日 00时32分
小番薯tudou,娱乐-催眠电台,82815,10月22日 00时32分
你的苏暖,游戏-绝地求生,75766,10月22日 00时32分
草莓味の小圆,娱乐-催眠电台,72474,10月22日 00时32分
小喵西さま,娱乐-催眠电台,70349,10月22日 00时32分
守护茶茶,游戏-英雄联盟,69650,10月22日 00时32分
睡不醒的某某阳,游戏-绝地求生,66466,10月22日 00时32分
小绝,游戏-绝地求生,58602,10月22日 00时32分
在剧毒中心呼唤爱,游戏-英雄联盟,57987,10月22日 00时32分
MINO_LIN,娱乐-催眠电台,57088,10月22日 00时32分
yoyo鼠です,娱乐-视频催眠,56106,10月22日 00时32分
小熊茉莉,娱乐-视频催眠,48950,10月22日 00时32分
小野妹子w,娱乐-视频聊天,47877,10月22日 00时32分
与山0v0,游戏-绝地求生,44146,10月22日 00时32分
dear诱耳,娱乐-催眠电台,42069,10月22日 00时32分
_落雪丶,手游-第五人格,37292,10月22日 00时32分
扎双马尾的丧尸,娱乐-视频催眠,779395,10月22日 00时33分
驯狗者DC,游戏-DOTA2,538414,10月22日 00时33分
绝不早到小吱吱,娱乐-视频催眠,322985,10月22日 00时33分
痒局长,游戏-绝地求生,281411,10月22日 00时33分
萝莉一凡,娱乐-催眠电台,242791,10月22日 00时33分
吃不饱的小黄瓜,娱乐-视频催眠,239567,10月22日 00时33分
*雪音*,娱乐-视频催眠,222109,10月22日 00时33分
喵熊°,娱乐-视频催眠,190209,10月22日 00时33分
黑哲君,游戏-英雄联盟,119943,10月22日 00时33分
MTkoala,娱乐-视频催眠,113784,10月22日 00时33分
依然小智,游戏-其他游戏,98639,10月22日 00时33分
星野饼美,手游-影之诗,97689,10月22日 00时33分
青衣才不是御姐呢,娱乐-聊天电台,91658,10月22日 00时33分
PASSさん,娱乐-视频催眠,87181,10月22日 00时33分
小番薯tudou,娱乐-催眠电台,86225,10月22日 00时33分
你的苏暖,游戏-绝地求生,75100,10月22日 00时33分
草莓味の小圆,娱乐-催眠电台,73938,10月22日 00时33分
小喵西さま,娱乐-催眠电台,72053,10月22日 00时33分
守护茶茶,游戏-英雄联盟,69132,10月22日 00时33分
睡不醒的某某阳,游戏-绝地求生,65074,10月22日 00时33分
小绝,游戏-绝地求生,61462,10月22日 00时33分
在剧毒中心呼唤爱,游戏-英雄联盟,56381,10月22日 00时33分
MINO_LIN,娱乐-催眠电台,58083,10月22日 00时33分
yoyo鼠です,娱乐-视频催眠,59178,10月22日 00时33分
小熊茉莉,娱乐-视频催眠,49244,10月22日 00时33分
小野妹子w,娱乐-视频聊天,39660,10月22日 00时33分
与山0v0,游戏-绝地求生,43103,10月22日 00时33分
dear诱耳,娱乐-催眠电台,41857,10月22日 00时33分
_落雪丶,手游-第五人格,38530,10月22日 00时33分
沙拉Azusa,游戏-绝地求生,32392,10月22日 00时33分
扎双马尾的丧尸,娱乐-视频催眠,779395,10月22日 00时34分
驯狗者DC,游戏-DOTA2,538414,10月22日 00时34分
绝不早到小吱吱,娱乐-视频催眠,322985,10月22日 00时34分
痒局长,游戏-绝地求生,281411,10月22日 00时34分
萝莉一凡,娱乐-催眠电台,242791,10月22日 00时34分
吃不饱的小黄瓜,娱乐-视频催眠,239567,10月22日 00时34分
*雪音*,娱乐-视频催眠,222109,10月22日 00时34分
喵熊°,娱乐-视频催眠,190209,10月22日 00时34分
黑哲君,游戏-英雄联盟,119943,10月22日 00时34分
MTkoala,娱乐-视频催眠,113784,10月22日 00时34分
依然小智,游戏-其他游戏,98639,10月22日 00时34分
星野饼美,手游-影之诗,97689,10月22日 00时34分
青衣才不是御姐呢,娱乐-聊天电台,91658,10月22日 00时34分
PASSさん,娱乐-视频催眠,87181,10月22日 00时34分
小番薯tudou,娱乐-催眠电台,86225,10月22日 00时34分
你的苏暖,游戏-绝地求生,75100,10月22日 00时34分
草莓味の小圆,娱乐-催眠电台,73938,10月22日 00时34分
小喵西さま,娱乐-催眠电台,72053,10月22日 00时34分
守护茶茶,游戏-英雄联盟,69132,10月22日 00时34分
睡不醒的某某阳,游戏-绝地求生,65074,10月22日 00时34分
小绝,游戏-绝地求生,61462,10月22日 00时34分
yoyo鼠です,娱乐-视频催眠,59178,10月22日 00时34分
MINO_LIN,娱乐-催眠电台,58083,10月22日 00时34分
在剧毒中心呼唤爱,游戏-英雄联盟,56381,10月22日 00时34分
小熊茉莉,娱乐-视频催眠,49244,10月22日 00时34分
与山0v0,游戏-绝地求生,43103,10月22日 00时34分
dear诱耳,娱乐-催眠电台,41857,10月22日 00时34分
小野妹子w,娱乐-视频聊天,39660,10月22日 00时34分
_落雪丶,手游-第五人格,38530,10月22日 00时34分
娇羞的蘑菇,娱乐-视频催眠,33709,10月22日 00时34分
扎双马尾的丧尸,娱乐-视频催眠,779395,10月22日 00时35分
驯狗者DC,游戏-DOTA2,538414,10月22日 00时35分
绝不早到小吱吱,娱乐-视频催眠,322985,10月22日 00时35分
痒局长,游戏-绝地求生,281411,10月22日 00时35分
萝莉一凡,娱乐-催眠电台,242791,10月22日 00时35分
吃不饱的小黄瓜,娱乐-视频催眠,239567,10月22日 00时35分
*雪音*,娱乐-视频催眠,222109,10月22日 00时35分
喵熊°,娱乐-视频催眠,190209,10月22日 00时35分
黑哲君,游戏-英雄联盟,119943,10月22日 00时35分
MTkoala,娱乐-视频催眠,113784,10月22日 00时35分
依然小智,游戏-其他游戏,98639,10月22日 00时35分
星野饼美,手游-影之诗,97689,10月22日 00时35分
青衣才不是御姐呢,娱乐-聊天电台,91658,10月22日 00时35分
PASSさん,娱乐-视频催眠,87181,10月22日 00时35分
小番薯tudou,娱乐-催眠电台,86225,10月22日 00时35分
你的苏暖,游戏-绝地求生,75100,10月22日 00时35分
草莓味の小圆,娱乐-催眠电台,73938,10月22日 00时35分
小喵西さま,娱乐-催眠电台,72053,10月22日 00时35分
守护茶茶,游戏-英雄联盟,69132,10月22日 00时35分
小绝,游戏-绝地求生,61462,10月22日 00时35分
yoyo鼠です,娱乐-视频催眠,59178,10月22日 00时35分
MINO_LIN,娱乐-催眠电台,58083,10月22日 00时35分
在剧毒中心呼唤爱,游戏-英雄联盟,56381,10月22日 00时35分
小熊茉莉,娱乐-视频催眠,49244,10月22日 00时35分
与山0v0,游戏-绝地求生,43103,10月22日 00时35分
dear诱耳,娱乐-催眠电台,41857,10月22日 00时35分
小野妹子w,娱乐-视频聊天,39660,10月22日 00时35分
_落雪丶,手游-第五人格,38530,10月22日 00时35分
娇羞的蘑菇,娱乐-视频催眠,33709,10月22日 00时35分
沙拉Azusa,游戏-绝地求生,32392,10月22日 00时35分
扎双马尾的丧尸,娱乐-视频催眠,797045,10月22日 00时36分
驯狗者DC,游戏-DOTA2,531996,10月22日 00时36分
绝不早到小吱吱,娱乐-视频催眠,328338,10月22日 00时36分
痒局长,游戏-绝地求生,265201,10月22日 00时36分
萝莉一凡,娱乐-催眠电台,248514,10月22日 00时36分
吃不饱的小黄瓜,娱乐-视频催眠,242747,10月22日 00时36分
*雪音*,娱乐-视频催眠,225246,10月22日 00时36分
喵熊°,娱乐-视频催眠,194804,10月22日 00时36分
黑哲君,游戏-英雄联盟,120161,10月22日 00时36分
MTkoala,娱乐-视频催眠,72361,10月22日 00时36分
依然小智,游戏-其他游戏,96709,10月22日 00时36分
星野饼美,手游-影之诗,99679,10月22日 00时36分
青衣才不是御姐呢,娱乐-聊天电台,91267,10月22日 00时36分
PASSさん,娱乐-视频催眠,87114,10月22日 00时36分
小番薯tudou,娱乐-催眠电台,88856,10月22日 00时36分
你的苏暖,游戏-绝地求生,77217,10月22日 00时36分
草莓味の小圆,娱乐-催眠电台,75104,10月22日 00时36分
小喵西さま,娱乐-催眠电台,73865,10月22日 00时36分
守护茶茶,游戏-英雄联盟,69154,10月22日 00时36分
小绝,游戏-绝地求生,64217,10月22日 00时36分
yoyo鼠です,娱乐-视频催眠,61911,10月22日 00时36分
MINO_LIN,娱乐-催眠电台,59344,10月22日 00时36分
在剧毒中心呼唤爱,游戏-英雄联盟,54721,10月22日 00时36分
小熊茉莉,娱乐-视频催眠,49563,10月22日 00时36分
与山0v0,游戏-绝地求生,42118,10月22日 00时36分
dear诱耳,娱乐-催眠电台,41900,10月22日 00时36分
小野妹子w,娱乐-视频聊天,33773,10月22日 00时36分
_落雪丶,手游-第五人格,46788,10月22日 00时36分
娇羞的蘑菇,娱乐-视频催眠,31274,10月22日 00时36分
沙拉Azusa,游戏-绝地求生,32664,10月22日 00时36分
扎双马尾的丧尸,娱乐-视频催眠,797045,10月22日 00时37分
驯狗者DC,游戏-DOTA2,531996,10月22日 00时37分
绝不早到小吱吱,娱乐-视频催眠,328338,10月22日 00时37分
痒局长,游戏-绝地求生,265201,10月22日 00时37分
萝莉一凡,娱乐-催眠电台,248514,10月22日 00时37分
吃不饱的小黄瓜,娱乐-视频催眠,242747,10月22日 00时37分
*雪音*,娱乐-视频催眠,225246,10月22日 00时37分
喵熊°,娱乐-视频催眠,194804,10月22日 00时37分
黑哲君,游戏-英雄联盟,120161,10月22日 00时37分
MTkoala,娱乐-视频催眠,72361,10月22日 00时37分
依然小智,游戏-其他游戏,96709,10月22日 00时37分
星野饼美,手游-影之诗,99679,10月22日 00时37分
青衣才不是御姐呢,娱乐-聊天电台,91267,10月22日 00时37分
PASSさん,娱乐-视频催眠,87114,10月22日 00时37分
小番薯tudou,娱乐-催眠电台,88856,10月22日 00时37分
你的苏暖,游戏-绝地求生,77217,10月22日 00时37分
草莓味の小圆,娱乐-催眠电台,75104,10月22日 00时37分
小喵西さま,娱乐-催眠电台,73865,10月22日 00时37分
守护茶茶,游戏-英雄联盟,69154,10月22日 00时37分
小绝,游戏-绝地求生,64217,10月22日 00时37分
yoyo鼠です,娱乐-视频催眠,61911,10月22日 00时37分
MINO_LIN,娱乐-催眠电台,59344,10月22日 00时37分
在剧毒中心呼唤爱,游戏-英雄联盟,54721,10月22日 00时37分
小熊茉莉,娱乐-视频催眠,49563,10月22日 00时37分
与山0v0,游戏-绝地求生,42118,10月22日 00时37分
dear诱耳,娱乐-催眠电台,41900,10月22日 00时37分
小野妹子w,娱乐-视频聊天,33773,10月22日 00时37分
_落雪丶,手游-第五人格,46788,10月22日 00时37分
娇羞的蘑菇,娱乐-视频催眠,31274,10月22日 00时37分
沙拉Azusa,游戏-绝地求生,32664,10月22日 00时37分
扎双马尾的丧尸,娱乐-视频催眠,797045,10月22日 00时38分
驯狗者DC,游戏-DOTA2,531996,10月22日 00时38分
绝不早到小吱吱,娱乐-视频催眠,328338,10月22日 00时38分
痒局长,游戏-绝地求生,265201,10月22日 00时38分
萝莉一凡,娱乐-催眠电台,248514,10月22日 00时38分
吃不饱的小黄瓜,娱乐-视频催眠,242747,10月22日 00时38分
*雪音*,娱乐-视频催眠,225246,10月22日 00时38分
喵熊°,娱乐-视频催眠,194804,10月22日 00时38分
黑哲君,游戏-英雄联盟,120161,10月22日 00时38分
星野饼美,手游-影之诗,99679,10月22日 00时38分
依然小智,游戏-其他游戏,96709,10月22日 00时38分
青衣才不是御姐呢,娱乐-聊天电台,91267,10月22日 00时38分
小番薯tudou,娱乐-催眠电台,88856,10月22日 00时38分
PASSさん,娱乐-视频催眠,87114,10月22日 00时38分
你的苏暖,游戏-绝地求生,77217,10月22日 00时38分
草莓味の小圆,娱乐-催眠电台,75104,10月22日 00时38分
小喵西さま,娱乐-催眠电台,73865,10月22日 00时38分
守护茶茶,游戏-英雄联盟,69154,10月22日 00时38分
小绝,游戏-绝地求生,64217,10月22日 00时38分
yoyo鼠です,娱乐-视频催眠,61911,10月22日 00时38分
MINO_LIN,娱乐-催眠电台,59344,10月22日 00时38分
在剧毒中心呼唤爱,游戏-英雄联盟,54721,10月22日 00时38分
小熊茉莉,娱乐-视频催眠,49563,10月22日 00时38分
_落雪丶,手游-第五人格,46788,10月22日 00时38分
与山0v0,游戏-绝地求生,42118,10月22日 00时38分
dear诱耳,娱乐-催眠电台,41900,10月22日 00时38分
小野妹子w,娱乐-视频聊天,33773,10月22日 00时38分
沙拉Azusa,游戏-绝地求生,32664,10月22日 00时38分
娇羞的蘑菇,娱乐-视频催眠,31274,10月22日 00时38分
你好这里是小V丶,手游-狼人杀,30169,10月22日 00时38分
扎双马尾的丧尸,娱乐-视频催眠,797045,10月22日 00时39分
驯狗者DC,游戏-DOTA2,531996,10月22日 00时39分
绝不早到小吱吱,娱乐-视频催眠,328338,10月22日 00时39分
萝莉一凡,娱乐-催眠电台,248514,10月22日 00时39分
吃不饱的小黄瓜,娱乐-视频催眠,242747,10月22日 00时39分
*雪音*,娱乐-视频催眠,225246,10月22日 00时39分
喵熊°,娱乐-视频催眠,194804,10月22日 00时39分
黑哲君,游戏-英雄联盟,120161,10月22日 00时39分
星野饼美,手游-影之诗,99679,10月22日 00时39分
依然小智,游戏-其他游戏,96709,10月22日 00时39分
青衣才不是御姐呢,娱乐-聊天电台,91267,10月22日 00时39分
小番薯tudou,娱乐-催眠电台,88856,10月22日 00时39分
PASSさん,娱乐-视频催眠,87114,10月22日 00时39分
你的苏暖,游戏-绝地求生,77217,10月22日 00时39分
草莓味の小圆,娱乐-催眠电台,75104,10月22日 00时39分
小喵西さま,娱乐-催眠电台,73865,10月22日 00时39分
守护茶茶,游戏-英雄联盟,69154,10月22日 00时39分
小绝,游戏-绝地求生,64217,10月22日 00时39分
yoyo鼠です,娱乐-视频催眠,61911,10月22日 00时39分
MINO_LIN,娱乐-催眠电台,59344,10月22日 00时39分
在剧毒中心呼唤爱,游戏-英雄联盟,54721,10月22日 00时39分
小熊茉莉,娱乐-视频催眠,49563,10月22日 00时39分
_落雪丶,手游-第五人格,46788,10月22日 00时39分
与山0v0,游戏-绝地求生,42118,10月22日 00时39分
dear诱耳,娱乐-催眠电台,41900,10月22日 00时39分
小野妹子w,娱乐-视频聊天,33773,10月22日 00时39分
沙拉Azusa,游戏-绝地求生,32664,10月22日 00时39分
娇羞的蘑菇,娱乐-视频催眠,31274,10月22日 00时39分
你好这里是小V丶,手游-狼人杀,30169,10月22日 00时39分
老耗砸,娱乐-唱见电台,29371,10月22日 00时39分
扎双马尾的丧尸,娱乐-视频催眠,816022,10月22日 00时40分
驯狗者DC,游戏-DOTA2,524906,10月22日 00时40分
绝不早到小吱吱,娱乐-视频催眠,332894,10月22日 00时40分
萝莉一凡,娱乐-催眠电台,255863,10月22日 00时40分
吃不饱的小黄瓜,娱乐-视频催眠,247019,10月22日 00时40分
*雪音*,娱乐-视频催眠,228013,10月22日 00时40分
喵熊°,娱乐-视频催眠,199138,10月22日 00时40分
黑哲君,游戏-英雄联盟,120862,10月22日 00时40分
星野饼美,手游-影之诗,100508,10月22日 00时40分
依然小智,游戏-其他游戏,94992,10月22日 00时40分
青衣才不是御姐呢,娱乐-聊天电台,90090,10月22日 00时40分
小番薯tudou,娱乐-催眠电台,92841,10月22日 00时40分
PASSさん,娱乐-视频催眠,89532,10月22日 00时40分
你的苏暖,游戏-绝地求生,76848,10月22日 00时40分
草莓味の小圆,娱乐-催眠电台,77394,10月22日 00时40分
小喵西さま,娱乐-催眠电台,75139,10月22日 00时40分
守护茶茶,游戏-英雄联盟,70281,10月22日 00时40分
小绝,游戏-绝地求生,68222,10月22日 00时40分
yoyo鼠です,娱乐-视频催眠,63247,10月22日 00时40分
MINO_LIN,娱乐-催眠电台,60627,10月22日 00时40分
在剧毒中心呼唤爱,游戏-英雄联盟,53375,10月22日 00时40分
小熊茉莉,娱乐-视频催眠,50388,10月22日 00时40分
_落雪丶,手游-第五人格,45958,10月22日 00时40分
与山0v0,游戏-绝地求生,40978,10月22日 00时40分
dear诱耳,娱乐-催眠电台,41496,10月22日 00时40分
小野妹子w,娱乐-视频聊天,29088,10月22日 00时40分
沙拉Azusa,游戏-绝地求生,32624,10月22日 00时40分
娇羞的蘑菇,娱乐-视频催眠,33567,10月22日 00时40分
你好这里是小V丶,手游-狼人杀,29797,10月22日 00时40分
老耗砸,娱乐-唱见电台,31374,10月22日 00时40分
扎双马尾的丧尸,娱乐-视频催眠,816022,10月22日 00时41分
驯狗者DC,游戏-DOTA2,524906,10月22日 00时41分
绝不早到小吱吱,娱乐-视频催眠,332894,10月22日 00时41分
萝莉一凡,娱乐-催眠电台,255863,10月22日 00时41分
吃不饱的小黄瓜,娱乐-视频催眠,247019,10月22日 00时41分
*雪音*,娱乐-视频催眠,228013,10月22日 00时41分
喵熊°,娱乐-视频催眠,199138,10月22日 00时41分
黑哲君,游戏-英雄联盟,120862,10月22日 00时41分
星野饼美,手游-影之诗,100508,10月22日 00时41分
依然小智,游戏-其他游戏,94992,10月22日 00时41分
小番薯tudou,娱乐-催眠电台,92841,10月22日 00时41分
青衣才不是御姐呢,娱乐-聊天电台,90090,10月22日 00时41分
PASSさん,娱乐-视频催眠,89532,10月22日 00时41分
草莓味の小圆,娱乐-催眠电台,77394,10月22日 00时41分
你的苏暖,游戏-绝地求生,76848,10月22日 00时41分
小喵西さま,娱乐-催眠电台,75139,10月22日 00时41分
守护茶茶,游戏-英雄联盟,70281,10月22日 00时41分
小绝,游戏-绝地求生,68222,10月22日 00时41分
yoyo鼠です,娱乐-视频催眠,63247,10月22日 00时41分
MINO_LIN,娱乐-催眠电台,60627,10月22日 00时41分
在剧毒中心呼唤爱,游戏-英雄联盟,53375,10月22日 00时41分
小熊茉莉,娱乐-视频催眠,50388,10月22日 00时41分
_落雪丶,手游-第五人格,45958,10月22日 00时41分
dear诱耳,娱乐-催眠电台,41496,10月22日 00时41分
与山0v0,游戏-绝地求生,40978,10月22日 00时41分
娇羞的蘑菇,娱乐-视频催眠,33567,10月22日 00时41分
沙拉Azusa,游戏-绝地求生,32624,10月22日 00时41分
老耗砸,娱乐-唱见电台,31374,10月22日 00时41分
你好这里是小V丶,手游-狼人杀,29797,10月22日 00时41分
小野妹子w,娱乐-视频聊天,29088,10月22日 00时41分
扎双马尾的丧尸,娱乐-视频催眠,816022,10月22日 00时42分
驯狗者DC,游戏-DOTA2,524906,10月22日 00时42分
绝不早到小吱吱,娱乐-视频催眠,332894,10月22日 00时42分
萝莉一凡,娱乐-催眠电台,255863,10月22日 00时42分
吃不饱的小黄瓜,娱乐-视频催眠,247019,10月22日 00时42分
*雪音*,娱乐-视频催眠,228013,10月22日 00时42分
喵熊°,娱乐-视频催眠,199138,10月22日 00时42分
黑哲君,游戏-英雄联盟,120862,10月22日 00时42分
星野饼美,手游-影之诗,100508,10月22日 00时42分
依然小智,游戏-其他游戏,94992,10月22日 00时42分
小番薯tudou,娱乐-催眠电台,92841,10月22日 00时42分
青衣才不是御姐呢,娱乐-聊天电台,90090,10月22日 00时42分
PASSさん,娱乐-视频催眠,89532,10月22日 00时42分
草莓味の小圆,娱乐-催眠电台,77394,10月22日 00时42分
你的苏暖,游戏-绝地求生,76848,10月22日 00时42分
小喵西さま,娱乐-催眠电台,75139,10月22日 00时42分
守护茶茶,游戏-英雄联盟,70281,10月22日 00时42分
小绝,游戏-绝地求生,68222,10月22日 00时42分
yoyo鼠です,娱乐-视频催眠,63247,10月22日 00时42分
MINO_LIN,娱乐-催眠电台,60627,10月22日 00时42分
在剧毒中心呼唤爱,游戏-英雄联盟,53375,10月22日 00时42分
小熊茉莉,娱乐-视频催眠,50388,10月22日 00时42分
_落雪丶,手游-第五人格,45958,10月22日 00时42分
dear诱耳,娱乐-催眠电台,41496,10月22日 00时42分
与山0v0,游戏-绝地求生,40978,10月22日 00时42分
娇羞的蘑菇,娱乐-视频催眠,33567,10月22日 00时42分
沙拉Azusa,游戏-绝地求生,32624,10月22日 00时42分
老耗砸,娱乐-唱见电台,31374,10月22日 00时42分
你好这里是小V丶,手游-狼人杀,29797,10月22日 00时42分
小野妹子w,娱乐-视频聊天,29088,10月22日 00时42分
